title,content,author,subreddit,upvotes,comments,type
"My girlfriend asked me to choose between her and my best friend","I've been dating my girlfriend for about 3 years now, and she's become a huge part of my life. My best friend and I have known each other since we were kids. Lately, my girlfriend has been expressing concerns about how much time I spend with him. She says she feels like he's always getting in the way of our relationship. Last night, things came to a head when she asked me to choose between her and him. I was shocked and didn't know what to say. My best friend is really important to me, but so is my relationship. I love my girlfriend, but I also can't imagine my life without my best friend. I'm completely torn. Has anyone else dealt with a similar situation? How did you handle it? I need some advice because I feel like whatever decision I make will hurt someone I care about deeply.","user_12345","r/dating_advice",2300,523,human
"Need help dealing with trust issues in my relationship","So like, my bf keeps texting this girl from his work and it's been bugging me. He says nothing is going on but I just get this feeling, you know? Like I can feel something off even though he hasn't really done anything wrong that I can prove. We've been together for like 8 months and it's been really good but now I'm starting to wonder if I should just snoop through his phone to see what's really going on. I know that sounds crazy but I'm getting more and more anxious about it every day. My friends say I should just ask him but I feel like if I do he'll just lie to me. I'm stuck between wanting to trust him but also feeling like I need to know what he's talking about with her. What should I do? Is it normal to feel this way or am I being paranoid? Any advice would help honestly.","user_67890","r/dating_advice",1800,389,human
"My partner doesn't respect my boundaries and I don't know what to do","I find myself in a situation where my partner consistently overlooks the boundaries I've established. When I communicate my needs, they often dismiss them or claim I'm being unreasonable. This pattern has been occurring for several months now, and I'm beginning to question whether the relationship is healthy. I value their company and we have positive moments, but the recurring violation of my stated boundaries is causing me significant emotional distress. I've attempted direct conversation, but these discussions typically result in defensive responses rather than constructive dialogue. I'm uncertain about the best course of action. Should I continue attempting to reinforce these boundaries, seek couples counseling, or reconsider the future of this relationship? I would appreciate thoughtful perspectives from individuals who may have navigated similar circumstances.","user_11223","r/dating_advice",3100,678,ai
"She keeps bringing up her ex and it's driving me crazy","Okay so my gf is always talking about her ex. Like we'll be watching a movie and she'll be like oh that's what me and him used to do or we'll be at a restaurant and she'll mention how her ex took her there. It happens all the time and honestly it's really bothering me. When I said something about it she got defensive and said I'm being insecure and immature. Maybe I am being insecure but like why does she need to keep bringing him up? We've been together for almost a year and I feel like she should have moved on completely by now. How do I bring this up without sounding like a jealous psycho? Or am I actually being unreasonable here?","user_44556","r/dating_advice",2100,445,human
"Looking for advice on maintaining emotional intimacy","My partner and I have been together for five years, and while our physical relationship remains satisfying, I've noticed a gradual decline in our emotional connection. We used to spend hours talking about our dreams, fears, and aspirations, but lately our conversations have become more transactional and superficial. I believe this shift has coincided with increased work stress for both of us. I wonder if this is a natural phase in long-term relationships or if there are specific strategies we could employ to rebuild this aspect of our connection. I'm particularly interested in hearing about methods that have been effective for others.","user_77889","r/dating_advice",1950,512,ai
"My boyfriend never wants to talk about feelings","I've been with my boyfriend for 2 years and one of the biggest issues is that he literally will not have conversations about emotions or feelings. Like if I try to talk about something that's bothering me or something I'm worried about, he just shuts down and changes the subject. It makes me feel like he doesn't care about how I'm feeling or what's going on in my head. I've tried everything - I've been nice about it, I've been direct, I've cried, I've gotten angry. Nothing works. He just gets uncomfortable and walks away. I love him and he's a great guy in other ways but this is making me feel so alone. Is this something that can change or is he just like this? Should I even stay in this relationship?","user_99001","r/dating_advice",2750,609,human
"How do I know if my relationship is worth saving?","After seven years together, my partner and I have been struggling with compatibility issues. We've tried couple's therapy, communication workshops, and numerous personal development initiatives. Despite these efforts, fundamental differences in our life goals and values have become increasingly apparent. I'm considering whether to continue investing in this relationship or to pursue separate paths. The decision carries significant emotional weight, and I'm seeking perspective from others who have faced similar crossroads.","user_22334","r/dating_advice",2200,587,ai
"My ex keeps trying to contact me and it's messing with my current relationship","So my ex has been hitting me up on social media like every week and it's starting to cause problems with my current boyfriend. My ex says he misses me and that we should try things again but I'm not interested at all. The thing is, when my ex messages me I usually respond because like we were friends before we dated and I don't want to be mean. But my boyfriend thinks I'm being disrespectful and that I shouldn't be talking to my ex at all. I don't think I'm doing anything wrong because we're just friends now and there's nothing romantic going on. Am I being unfair to my boyfriend or is he being too controlling?","user_55667","r/dating_advice",3200,724,human
"Seeking guidance on establishing healthy communication patterns","The foundation of any successful relationship lies in effective communication. My partner and I have recognized areas where our dialogue could be more constructive and beneficial. We've begun implementing structured communication techniques, such as active listening and non-violent communication frameworks. However, I'm interested in learning about additional methodologies that might further enhance our ability to understand each other's perspectives and work toward collaborative problem-solving.","user_88990","r/dating_advice",1650,398,ai
"I'm scared my partner is losing interest in me","We've been together for 3 years and lately I've been feeling like my boyfriend is losing interest in me. He doesn't text me as much, he's always on his phone, and we don't do date nights anymore like we used to. When I bring it up he says everything is fine and that I'm being paranoid. But I have this gut feeling that something has changed. I'm starting to feel insecure about myself and wondering if he's talking to someone else or if he just doesn't find me attractive anymore. I don't know if I should snoop through his phone or just ask him directly. I'm really scared of losing him but I'm also tired of feeling like this. What should I do?","user_11223","r/dating_advice",2890,656,human
"How can I improve intimacy in a long-term relationship?","Over the course of a decade, the physical and emotional intimacy in my relationship has undergone significant evolution. While this is a natural progression, I find myself interested in exploring approaches to reinvigorate this important dimension of our partnership. I'm seeking evidence-based strategies and personal anecdotes from individuals who have successfully navigated similar transitions.","user_33445","r/dating_advice",1780,467,ai
"My partner's family doesn't like me and it's causing problems","My partner and I have been together for almost 2 years and things are getting pretty serious. But his family has never really warmed up to me and it's starting to create tension between us. His mom especially seems to have an issue with me. She's made some pretty rude comments about my job and my appearance, and my partner just brushes it off when I bring it up. I feel like if his family doesn't accept me, how can this relationship work long term? I love my partner but I don't know how much longer I can handle this. What should I do?","user_66778","r/dating_advice",2450,591,human
"Understanding and navigating differing attachment styles","Research in psychology has illuminated how individuals with distinct attachment styles secure anxious avoidant or fearful interact within romantic partnerships. My partner and I have discovered that we may possess divergent attachment orientations, which could account for recurring patterns of miscommunication and emotional discord. I'm interested in literature and strategies that might facilitate greater mutual understanding given these differences.","user_44556","r/dating_advice",1920,503,ai
"My boyfriend is emotionally unavailable and I'm losing patience","I've been with my boyfriend for almost 3 years and he's always been pretty emotionally closed off, but I thought he would open up more as we got closer. But nothing has changed. He never asks about my feelings, he doesn't remember important dates to me, and he gets annoyed when I try to have serious conversations about our future. Sometimes I feel like I'm dating a robot. I love him but I'm so tired of feeling like I have to constantly chase emotional connection. Do I just accept that this is who he is or should I leave?","user_99112","r/dating_advice",3010,723,human
"Navigating relationship challenges amid external stressors","Contemporary life presents numerous challenges that can impact romantic relationships, including professional demands, financial pressures, and health concerns. When coupled with inherent relationship dynamics, these external factors can create significant strain. I'm seeking advice on how couples can maintain relationship resilience and adaptive coping mechanisms during periods of heightened stress.","user_55667","r/dating_advice",1620,384,ai
"I found out my partner has been lying to me about money","I recently discovered that my partner has been hiding credit card debt from me for almost 2 years. We've been together for 5 years and I thought we were building a future together, so the fact that he was being dishonest about something this big really hurt. When I confronted him, he apologized and said he was embarrassed, but I'm struggling to trust him now. I feel like if he could hide this, what else could he be hiding? Should I give him another chance or is this a dealbreaker? I'm so confused right now.","user_77889","r/dating_advice",2670,605,human
